-- Insert photos for all 8 tickets (using placeholder base64)
INSERT INTO TicketPhotos (ticket_id, photo_data, file_name, mime_type, file_size, description, photo_type, created_at) VALUES
(8, 'iVBORw0KGgoAAAANSUhEUgAAAAEAAAABCAYAAAAfFcSJAAAADUlEQVR42mNk+M9QDwADhgGAWjR9awAAAABJRU5ErkJggg==', 'mantenimiento_cinta.png', 'image/png', 1024, 'Foto de inspección inicial', 'Problema', NOW()),
(9, 'iVBORw0KGgoAAAANSUhEUgAAAAEAAAABCAYAAAAfFcSJAAAADUlEQVR42mNk+M9QDwADhgGAWjR9awAAAABJRU5ErkJggg==', 'display_bicicleta.png', 'image/png', 1024, 'Foto del display con falla', 'Problema', NOW()),
(10, 'iVBORw0KGgoAAAANSUhEUgAAAAEAAAABCAYAAAAfFcSJAAAADUlEQVR42mNk+M9QDwADhgGAWjR9awAAAABJRU5ErkJggg==', 'eliptica_revision.png', 'image/png', 1024, 'Estado general del equipo', 'Proceso', NOW()),
(11, 'iVBORw0KGgoAAAANSUhEUgAAAAEAAAABCAYAAAAfFcSJAAAADUlEQVR42mNk+M9QDwADhgGAWjR9awAAAABJRU5ErkJggg==', 'maquina_remo.png', 'image/png', 1024, 'Mecanismo de tensión', 'Problema', NOW()),
(12, 'iVBORw0KGgoAAAANSUhEUgAAAAEAAAABCAYAAAAfFcSJAAAADUlEQVR42mNk+M9QDwADhgGAWjR9awAAAABJRU5ErkJggg==', 'gimnacion_providencia.png', 'image/png', 1024, 'Equipos sede Providencia', 'Proceso', NOW()),
(13, 'iVBORw0KGgoAAAANSUhEUgAAAAEAAAABCAYAAAAfFcSJAAAADUlEQVR42mNk+M9QDwADhgGAWjR9awAAAABJRU5ErkJggg==', 'cardio_nunoa.png', 'image/png', 1024, 'Área de cardio Ñuñoa', 'Proceso', NOW()),
(14, 'iVBORw0KGgoAAAANSUhEUgAAAAEAAAABCAYAAAAfFcSJAAAADUlEQVR42mNk+M9QDwADhgGAWjR9awAAAABJRU5ErkJggg==', 'equipos_las_condes.png', 'image/png', 1024, 'Equipos con fallas', 'Problema', NOW()),
(15, 'iVBORw0KGgoAAAANSUhEUgAAAAEAAAABCAYAAAAfFcSJAAAADUlEQVR42mNk+M9QDwADhgGAWjR9awAAAABJRU5ErkJggg==', 'powergym_vitacura.png', 'image/png', 1024, 'Vista general gimnasio', 'Otros', NOW());

-- Insert 4 comments for each ticket (32 total)
INSERT INTO TicketNotes (ticket_id, note, note_type, author, is_internal, created_at) VALUES
(8, 'Técnico asignado: Juan Pérez. Programado para mañana 9am.', 'Comentario', 'Admin', 0, NOW()),
(8, 'Llegué a la sede, comenzando inspección.', 'Diagnóstico', 'Técnico', 0, NOW()),
(8, 'Banda presenta desgaste moderado, requiere lubricación.', 'Diagnóstico', 'Técnico', 0, NOW()),
(8, 'Trabajo completado. Equipo funcionando correctamente.', 'Solución', 'Técnico', 0, NOW()),
(9, 'Display revisado. Falla en fuente de poder confirmada.', 'Diagnóstico', 'Técnico', 0, NOW()),
(9, 'Solicitando repuesto a proveedor.', 'Seguimiento', 'Admin', 0, NOW()),
(9, 'Repuesto recibido, programando instalación.', 'Seguimiento', 'Admin', 0, NOW()),
(9, 'Display reemplazado y funcionando.', 'Solución', 'Técnico', 0, NOW()),
(10, 'Iniciando revisión trimestral programada.', 'General', 'Técnico', 0, NOW()),
(10, 'Elíptica 1 presenta ruido en el rodamiento.', 'Diagnóstico', 'Técnico', 0, NOW()),
(10, 'Lubricación aplicada a todas las unidades.', 'Solución', 'Técnico', 0, NOW()),
(10, 'Revisión completada satisfactoriamente.', 'Solución', 'Técnico', 0, NOW()),
(11, 'Cliente reporta resistencia irregular.', 'Comunicación Cliente', 'Admin', 0, NOW()),
(11, 'Sistema de resistencia magnética inspeccionado.', 'Diagnóstico', 'Técnico', 0, NOW()),
(11, 'Ajuste de tensión realizado.', 'Solución', 'Técnico', 0, NOW()),
(11, 'Prueba con cliente - satisfecho con resultado.', 'Comunicación Cliente', 'Admin', 0, NOW()),
(12, 'Gimnación iniciada. Revisando 5 equipos en total.', 'General', 'Técnico', 0, NOW()),
(12, 'Cintas corredoras revisadas - OK', 'Diagnóstico', 'Técnico', 0, NOW()),
(12, 'Bicicletas estáticas revisadas - OK', 'Diagnóstico', 'Técnico', 0, NOW()),
(12, 'Gimnación completada exitosamente.', 'Solución', 'Técnico', 0, NOW()),
(13, 'Iniciando inspección de equipos cardio.', 'General', 'Técnico', 0, NOW()),
(13, 'Calibración de sensores en proceso.', 'Diagnóstico', 'Técnico', 0, NOW()),
(13, 'Detectado problema en elíptica 2.', 'Diagnóstico', 'Técnico', 0, NOW()),
(13, 'Reparación menor realizada, todo operativo.', 'Solución', 'Técnico', 0, NOW()),
(14, 'Urgente: Cliente reportó fallas adicionales.', 'Comunicación Cliente', 'Admin', 0, NOW()),
(14, 'Múltiples equipos con problemas identificados.', 'Diagnóstico', 'Técnico', 0, NOW()),
(14, 'Reparando cinta corredora principal.', 'Seguimiento', 'Técnico', 0, NOW()),
(14, 'Continuando con bicicletas mañana.', 'Seguimiento', 'Técnico', 0, NOW()),
(15, 'Mantenimiento semestral programado iniciado.', 'General', 'Admin', 0, NOW()),
(15, 'Revisión preventiva de todos los equipos.', 'Diagnóstico', 'Técnico', 0, NOW()),
(15, 'Lubricación general aplicada.', 'Solución', 'Técnico', 0, NOW()),
(15, 'Mantenimiento finalizado sin novedades.', 'Solución', 'Técnico', 0, NOW());

-- Insert spare part requests (using spare_part_requests table with correct columns)
INSERT INTO spare_part_requests (ticket_id, spare_part_id, quantity, status, notes, requested_by, created_at) VALUES
(8, NULL, 2, 'pending', 'Lubricante para banda - Lubricante especial para cintas corredoras', 1, NOW()),
(8, NULL, 1, 'pending', 'Tensor de banda - Para ajuste de tensión', 1, NOW()),
(9, NULL, 1, 'pending', 'Fuente de poder 12V - Reemplazo de fuente dañada', 1, NOW()),
(9, NULL, 2, 'pending', 'Cable de conexión display - Cables de respaldo', 1, NOW()),
(10, NULL, 3, 'pending', 'Kit rodamientos elíptica - Para reemplazo preventivo', 1, NOW()),
(10, NULL, 1, 'pending', 'Lubricante industrial - Para mantenimiento general', 1, NOW()),
(11, NULL, 1, 'pending', 'Módulo resistencia magnética - Posible reemplazo del módulo', 1, NOW()),
(11, NULL, 1, 'pending', 'Sensor de tensión - Para calibración', 1, NOW()),
(12, NULL, 1, 'pending', 'Kit lubricación general - Para mantenimiento de múltiples equipos', 1, NOW()),
(12, NULL, 1, 'pending', 'Tornillería variada - Kit de tornillos de respaldo', 1, NOW()),
(13, NULL, 2, 'pending', 'Sensor cardíaco universal - Para equipos de cardio', 1, NOW()),
(13, NULL, 1, 'pending', 'Cable de alimentación - Cable estándar de respaldo', 1, NOW()),
(14, NULL, 2, 'pending', 'Correa de tracción - Correas para cintas dañadas', 1, NOW()),
(14, NULL, 1, 'pending', 'Motor de cinta - Posible reemplazo de motor', 1, NOW()),
(15, NULL, 4, 'pending', 'Filtros de aire - Mantenimiento preventivo', 1, NOW()),
(15, NULL, 1, 'pending', 'Kit mantenimiento general - Herramientas y consumibles', 1, NOW());
